rank,uri,artist_names,track_name,source,peak_rank,previous_rank,days_on_chart,streams
1,"spotify:track:7fzHQizxTqy8wTXwlrgPQQ","Tommy Richman","MILLION DOLLAR BABY","PULSE Records",1,1,20,"12538678"
2,"spotify:track:6AI3ezQ4o3HUoP6Dhudph3","Kendrick Lamar","Not Like Us","Kendrick Lamar, under exclusive license to Interscope Records",1,2,11,"9899546"
3,"spotify:track:2qSkIjg1o9h3YT9RAgYN75","Sabrina Carpenter","Espresso","Island Records",1,3,34,"9007137"
4,"spotify:track:7221xIgOnuakPdLqT0F3nP","Post Malone, Morgan Wallen","I Had Some Help (Feat. Morgan Wallen)","Mercury Records/Republic Records",1,4,6,"8903599"
5,"spotify:track:2GxrNKugF82CnoRFbQfzPf","Artemas","i like the way you kiss me","Artemas",1,5,57,"6654853"
6,"spotify:track:6XjDF6nds4DE2BBbagZol6","FloyyMenor, Cris MJ","Gata Only","FloyyMenor under exclusive license to UnitedMasters LLC",2,7,94,"6452942"
7,"spotify:track:2OzhQlSqBEmt7hmkYxfT6m","Taylor Swift, Post Malone","Fortnight (feat. Post Malone)","Taylor Swift",1,6,27,"6404619"
8,"spotify:track:2FQrifJ1N335Ljm3TjTVVf","Shaboozey","A Bar Song (Tipsy)","American Dogwood / EMPIRE",5,8,31,"6313524"
9,"spotify:track:5Z0UnEtpLDQyYlWwgi8m9C","Hozier","Too Sweet","Columbia",2,9,55,"6162943"
10,"spotify:track:3xkHsmpQCBMytMJNiDf3Ii","Benson Boone","Beautiful Things","Night Street Records, Inc./Warner Records Inc.",1,10,118,"5941110"
11,"spotify:track:51ZQ1vr10ffzbwIjDCwqm4","Ariana Grande","we can't be friends (wait for your love)","Republic Records",1,11,69,"5191313"
12,"spotify:track:3qhlB30KknSejmIvZZLjOD","Djo","End of Beginning","Djo",1,12,89,"5041744"
13,"spotify:track:4q5YezDOIPcoLr8R81x9qy","Taylor Swift","I Can Do It With a Broken Heart","Taylor Swift",3,13,27,"4403755"
14,"spotify:track:77DRzu7ERs0TX3roZcre7Q","Kendrick Lamar","euphoria","Kendrick Lamar, under exclusive license to Interscope Records",2,14,16,"4262120"
15,"spotify:track:17phhZDn6oGtzMe56NuWvj","Teddy Swims","Lose Control","Warner Records",5,15,182,"4154655"
16,"spotify:track:2tudvzsrR56uom6smgOcSf","Future, Metro Boomin, Kendrick Lamar","Like That","Wilburn Holding Co./Boominati/Epic/Republic",4,16,55,"4099131"
17,"spotify:track:5bi0gh89wRuH2OgjdAKFsb","Rvssian, Rauw Alejandro, Ayra Starr","Santa","Sony Music Latin",12,17,30,"3755369"
18,"spotify:track:5uQ7de4EWjb3rkcFxyEOpu","Mark Ambor","Belong Together","Hundred Days Records, LLC",18,18,51,"3666241"
19,"spotify:track:7CyPwkp0oE8Ro9Dd5CUDjW","The Weeknd, JENNIE, Lily-Rose Depp","One Of The Girls (with JENNIE, Lily Rose Depp)","XO / Republic Records",2,19,221,"3642070"
20,"spotify:track:1bjeWoagtHmUKputLVyDxQ","SZA","Saturn","Top Dawg Entertainment/RCA Records",12,20,83,"3423751"
21,"spotify:track:2F3N9tdombb64aW6VtZOdo","Taylor Swift","Down Bad","Taylor Swift",2,21,27,"3327372"
22,"spotify:track:1BxfuPKGuaTgP7aM0Bbdwr","Taylor Swift","Cruel Summer","Taylor Swift",2,23,465,"3042508"
23,"spotify:track:0uHrMbMv3c78398pIANDqR","Joost","Europapa","Joost Klein",22,22,10,"3028604"
24,"spotify:track:4Dvkj6JhhA12EX05fT7y2e","Harry Styles","As It Was","Columbia",1,24,777,"3010087"
25,"spotify:track:5LhI8m7n8xlQmNe3b7Rwis","Natanael Cano, Oscar Maydon","Madonna","WEA Latina",15,25,68,"2995361"
26,"spotify:track:2uqYupMHANxnwgeiXTZXzd","Dasha","Austin (Boots Stop Workin')","Warner Records",17,26,67,"2980376"
27,"spotify:track:3rUGC1vUpkDG9CZFHMur1t","Tate McRae","greedy","RCA Records Label",1,30,244,"2906607"
28,"spotify:track:51eSHglvG1RJXtL3qI5trr","Benson Boone","Slow It Down","Night Street Records, Inc./Warner Records Inc.",28,33,55,"2835535"
29,"spotify:track:42VsgItocQwOQC3XWZ8JNA","Travis Scott, Playboi Carti","FE!N (feat. Playboi Carti)","Cactus Jack/Epic",3,32,248,"2809928"
30,"spotify:track:1aKvZDoLGkNMxoRYgkckZG","ILLIT","Magnetic","BELIFT LAB",10,31,52,"2766915"
31,"spotify:track:36t6frENUtCYKuZus6aYDO","Taylor Swift","Who’s Afraid of Little Old Me?","Taylor Swift",9,29,27,"2763251"
32,"spotify:track:7bywjHOc0wSjGGbj04XbVi","Feid, ATL Jacob","LUNA","UMLE - Latino",7,28,163,"2744445"
33,"spotify:track:0WbMK4wrZ1wFSty9F7FCgu","Chappell Roan","Good Luck, Babe!","Chappell Roan PS/ Island",29,39,37,"2662913"
34,"spotify:track:2QjOHCTQ1Jl3zawyYOpxh6","The Neighbourhood","Sweater Weather","Columbia",19,38,1360,"2655466"
35,"spotify:track:5XeFesFbtLpXzIVDNQP22n","Arctic Monkeys","I Wanna Be Yours","Domino Recording Co",11,41,679,"2645466"
36,"spotify:track:0W0iAC1VGlB82PI6elxFYf","Taylor Swift","Guilty as Sin?","Taylor Swift",11,35,27,"2635446"
37,"spotify:track:48lxT5qJF0yYyf2z4wB4xW","Jaxomy, Agatino Romero, Raffaella Carrà","Pedro","Columbia/B1 Recordings/Ultra Records",23,34,36,"2627523"
38,"spotify:track:0mflMxspEfB0VbI1kyLiAv","Noah Kahan","Stick Season","Mercury Records/Republic Records",6,37,219,"2605447"
39,"spotify:track:1EjIXKhNHI00ZLMRpS8iz8","Nemo","The Code","Better Now Records",17,27,4,"2597190"
40,"spotify:track:3Vevii7qKqrmW8CcyzBHDl","Taylor Swift","So Long, London","Taylor Swift",4,36,27,"2551244"
41,"spotify:track:3Vr3zh0r7ALn8VLqCiRR10","Myles Smith","Stargazing","RCA Records Label",41,42,6,"2540422"
42,"spotify:track:3lMzT16MjAKKXF7pSZn13B","Lay Bankz","Tell Ur Girlfriend","Artist Partner Group",18,44,37,"2478577"
43,"spotify:track:3vkCueOmm7xQDoJ17W1Pm3","Mitski","My Love Mine All Mine","Dead Oceans",2,46,240,"2462883"
44,"spotify:track:0LZy30mVmxqUpdQmaXKXBd","Myke Towers, Bad Bunny","ADIVINO","WEA Latina",12,40,20,"2445650"
45,"spotify:track:3hRV0jL3vUpRrcy398teAU","Lord Huron","The Night We Met","Lord Huron",24,43,653,"2404554"
46,"spotify:track:5og4Qzt92jJzVDkOtSEilb","Taylor Swift","But Daddy I Love Him","Taylor Swift",6,45,27,"2359567"
47,"spotify:track:28drn6tQo95MRvO0jQEo5C","Future, Metro Boomin, Travis Scott, Playboi Carti","Type Shit","Wilburn Holding Co./Boominati/Epic/Republic",5,48,55,"2301043"
48,"spotify:track:2XXwLdtuAcE0HSCu61ijAb","Taylor Swift","My Boy Only Breaks His Favorite Toys","Taylor Swift",5,47,27,"2300793"
49,"spotify:track:1C84d9abZVKWHT2YYpoean","Luis R Conriquez, Neton Vega","Si No Quieres No","Kartel Music",48,49,35,"2258178"
50,"spotify:track:7KA4W4McWYRpgf0fWsJZWB","Tyler, The Creator, Kali Uchis","See You Again (feat. Kali Uchis)","Columbia",13,52,438,"2193575"
51,"spotify:track:3Pbp7cUCx4d3OAkZSCoNvn","Michael Marcagi","Scared To Start","Warner Records",22,55,107,"2147924"
52,"spotify:track:4iZ4pt7kvcaH6Yo8UoZ4s2","SZA","Snooze","Top Dawg Entertainment/RCA Records",25,50,514,"2139552"
53,"spotify:track:7MXVkk9YMctZqd1Srtv4MB","The Weeknd, Daft Punk","Starboy","The Weeknd/Lyric",1,64,1319,"2121337"
54,"spotify:track:3w0w2T288dec0mgeZZqoNN","¥$, Kanye West, Ty Dolla $ign","CARNIVAL","YZY",1,56,96,"2107112"
55,"spotify:track:7wLShogStyDeZvL0a6daN5","Beyoncé","TEXAS HOLD 'EM","Parkwood Entertainment/Columbia",1,57,94,"2090290"
56,"spotify:track:2v1ivOOsgn64g5OywuH55L","Taylor Swift","The Smallest Man Who Ever Lived","Taylor Swift",14,54,27,"2082495"
57,"spotify:track:4S8PxReB1UiDR2F5x1lyIR","Kendrick Lamar","meet the grahams","Kendrick Lamar under exclusive license to Interscope Records",14,53,11,"2065830"
58,"spotify:track:1wFFFzJ5EsKbBWZriAcubN","Drake","Family Matters","OVO/Republic",11,58,12,"2032168"
59,"spotify:track:1Qrg8KqiBpW07V7PNxwwwL","SZA","Kill Bill","Top Dawg Entertainment/RCA Records",1,60,524,"2028926"
60,"spotify:track:7DSAEUvxU8FajXtRloy8M0","Miley Cyrus","Flowers","Columbia",1,51,489,"2018783"
61,"spotify:track:2o1pb13quMReXZqE7jWsgq","Ariana Grande","intro (end of the world)","Republic Records",14,72,69,"2017123"
62,"spotify:track:3NMrVbIVWT3fPXBj0rNDKG","Taylor Swift","The Tortured Poets Department","Taylor Swift",2,59,27,"1991843"
63,"spotify:track:7jtQIBanIiJOMS6RyCx6jZ","Tom Odell","Another Love","ITNO/Columbia",11,71,1127,"1981252"
64,"spotify:track:5aIVCx5tnk0ntmdiinnYvw","Tyla","Water","FAX Records/Epic",8,61,240,"1978575"
65,"spotify:track:3ZVFcD8Wlw9T9klGqmJf9F","Taylor Swift, Florence + The Machine","Florida!!! (feat. Florence + The Machine)","Taylor Swift",7,62,27,"1970496"
66,"spotify:track:2HRgqmZQC0MC7GeNuDIXHN","Jung Kook, Latto","Seven (feat. Latto) (Explicit Ver.)","BIGHIT MUSIC",1,65,307,"1964396"
67,"spotify:track:4KULAymBBJcPRpk1yO4dOG","Zach Bryan, Kacey Musgraves","I Remember Everything (feat. Kacey Musgraves)","Warner Records",13,66,264,"1963638"
68,"spotify:track:351KkakA2YtGEXqSEIIasy","aespa","Supernova","SM Entertainment",63,63,3,"1949449"
69,"spotify:track:2Zo1PcszsT9WQ0ANntJbID","Sabrina Carpenter","Feather","Island Records",31,68,166,"1938293"
70,"spotify:track:3QJsSWa0Xo8MfaRn1gr4Be","Isabel LaRosa","Favorite","Slumbo Labs/RCA Records",58,69,45,"1916821"
71,"spotify:track:3Ua0m0YmEjrMi9XErKcNiR","Jimin","Like Crazy","BIGHIT MUSIC",1,67,416,"1913368"
72,"spotify:track:6me7F0aaZjwDo6RJ5MrfBD","Richy Mitch & The Coal Miners","Evergreen","Richy Mitch & The Coal Miners",31,77,124,"1862709"
73,"spotify:track:3U5JVgI2x4rDyHGObzJfNf","Natasha Bedingfield","Unwritten","Sony Music CG",14,74,126,"1861727"
74,"spotify:track:52eIcoLUM25zbQupAZYoFh","21 Savage","redrum","Slaughter Gang, LLC/Epic Records",6,75,125,"1852684"
75,"spotify:track:0R6NfOiLzLj4O5VbYSJAjf","Xavi","La Diabla","Interscope Records",1,73,160,"1850200"
76,"spotify:track:1SS0WlKhJewviwEDZ6dWj0","ZICO, JENNIE","SPOT!","KOZ Entertainment",70,70,20,"1829994"
77,"spotify:track:0RiRZpuVRbi7oqRdSMwhQY","Post Malone, Swae Lee","Sunflower - Spider-Man: Into the Spider-Verse","Republic Records",1,87,1981,"1800339"
78,"spotify:track:7iQXYTyuG13aoeHxGG28Nh","Bad Bunny, Feid","PERRO NEGRO","Rimas Entertainment LLC.",3,82,216,"1785611"
79,"spotify:track:3FqUPvubYeRCMsdJ02QyZR","Fuerza Regida","TÚ NAME","Rancho Humilde/Street Mob Records",50,80,74,"1775355"
80,"spotify:track:1zi7xx7UVEFkmKfv06H8x0","Drake, Wizkid, Kyla","One Dance","Cash Money Records/Young Money Ent./Universal Rec.",5,97,1329,"1768388"
81,"spotify:track:7Mts0OfPorF4iwOomvfqn1","Taylor Swift","So High School","Taylor Swift",25,76,27,"1764781"
82,"spotify:track:2LBqCSwhJGcFQeTHMVGwy3","The Weeknd","Die For You","The Weeknd/Lyric",9,89,833,"1748839"
83,"spotify:track:3GCdLUSnKSMJhs4Tj6CV3s","Kendrick Lamar, SZA","All The Stars (with SZA) - From ""Black Panther: The Album""","Black Panther (TDE/DMG) PS",2,88,362,"1739523"
84,"spotify:track:5Y35SjAfXjjG0sFQ3KOxmm","SZA","Nobody Gets Me","Top Dawg Entertainment/RCA Records",7,115,113,"1724203"
85,"spotify:track:0VjIjW4GlUZAMYd2vXMi3b","The Weeknd","Blinding Lights","Republic Records",1,83,1630,"1718019"
86,"spotify:track:59NraMJsLaMCVtwXTSia8i","cassö, RAYE, D-Block Europe","Prada","Ministry of Sound Recordings",14,90,272,"1702178"
87,"spotify:track:4uUG5RXrOk84mYEfFvj3cK","David Guetta, Bebe Rexha","I'm Good (Blue)","Parlophone UK",1,81,627,"1696846"
88,"spotify:track:6wf7Yu7cxBSPrRlWeSeK0Q","Billie Eilish","What Was I Made For? [From The Motion Picture ""Barbie""]","Darkroom/Interscope Records",2,94,308,"1693840"
89,"spotify:track:0dEAiKNbHt4mrjjoiL0loc","Xavi","Corazón de Piedra","Interscope Records",19,92,55,"1693787"
90,"spotify:track:6RSG1dKPV5gEvILwJb4QtS","Taylor Swift","loml","Taylor Swift",12,85,27,"1686225"
91,"spotify:track:7qEHsqek33rTcFNT9PFqLf","Lewis Capaldi","Someone You Loved","Vertigo Berlin",4,84,1942,"1683139"
92,"spotify:track:7s4emXHJwAuo5VvGBXmnBL","Young Miko, Feid","offline","The Wave Music Group",57,109,29,"1677307"
93,"spotify:track:1kuGVB7EU95pJObxwvfwKS","Olivia Rodrigo","vampire","Olivia Rodrigo PS",1,103,321,"1676475"
94,"spotify:track:5O2P9iiztwhomNh8xkR9lJ","One Direction","Night Changes","Syco Music",77,96,587,"1676373"
95,"spotify:track:3eh51r6rFWAlGQRlHx9QnQ","Drake","Push Ups","OVO/Republic",22,100,27,"1672291"
96,"spotify:track:4BVcVEp6Df9VQN5qFwxDn3","Slimane","Mon amour","Universal Music Division Capitol Music France",69,79,4,"1664092"
97,"spotify:track:6dgUya35uo964z7GZXM07g","Sabrina Carpenter","Nonsense","Island Records",12,86,482,"1664055"
98,"spotify:track:3tt9i3Hhzq84dPS8H7iSiJ","Manuel Turizo","La Bachata","Sony Music Latin/La Industria",3,113,683,"1663529"
99,"spotify:track:5RqSsdzTNPX1uzkmlHCFvK","KAROL G, Peso Pluma","QLONA","Bichota/Interscope Records",4,93,279,"1663249"
100,"spotify:track:331l3xABO0HMr1Kkyh2LZq","David Guetta, OneRepublic","I Don't Wanna Wait","Parlophone UK",89,91,38,"1660030"
101,"spotify:track:4SqWKzw0CbA05TGszDgMlc","The Walters","I Love You So","Warner Records",18,98,732,"1654174"
102,"spotify:track:3xKsf9qdS1CyvXSMEid6g8","Frank Ocean","Pink + White","Boys Don't Cry",59,104,352,"1647255"
103,"spotify:track:60a0Rd6pjrkxjPbaKzXjfq","Linkin Park","In the End","Warner Records",7,101,387,"1630341"
104,"spotify:track:0ll8uFnc0nANY35E0Lfxvg","Keane","Somewhere Only We Know","Universal-Island Records Ltd.",63,108,552,"1629738"
105,"spotify:track:4fYte8ZvTK14NEhAOZocBi","OneRepublic","I Ain't Worried","Mosley Music/Interscope Records",7,99,709,"1628638"
106,"spotify:track:5g7sDjBhZ4I3gcFIpkrLuI","Bruno Mars","Locked out of Heaven","Atlantic Records",36,106,696,"1623100"
107,"spotify:track:1uxiaf3DUS4vpOqNGu4MzL","Peso Pluma, Junior H, Eslabon Armado","LA DURANGO","2024 Double P Records",56,95,6,"1618700"
108,"spotify:track:4xhsWYTOGcal8zt0J161CU","Jack Harlow","Lovin On Me","Generation Now/Atlantic",2,107,188,"1612855"
109,"spotify:track:2eAvDnpXP5W0cVtiI0PUxV","Ruth B.","Dandelions","Columbia",32,112,973,"1610871"
110,"spotify:track:3AJwUDP919kvQ9QcozQPxg","Coldplay","Yellow","Parlophone UK",29,119,1231,"1605074"
111,"spotify:track:5uCax9HTNlzGybIStD3vDh","James Arthur","Say You Won't Let Go","Columbia",7,123,2128,"1594739"
112,"spotify:track:6EIMUjQ7Q8Zr2VtIUik4He","Henry Moodie","drunk text","Robots & Humans/Columbia",88,105,34,"1593016"
113,"spotify:track:0LMwmV37RCmBO2so0szAFs","Kygo, Ava Max","Whatever","Kygo/RCA Records",78,110,115,"1578250"
114,"spotify:track:22skzmqfdWrjJylampe0kt","Macklemore, Ryan Lewis, Macklemore & Ryan Lewis, Ray Dalton","Can't Hold Us (feat. Ray Dalton)","Macklemore",57,127,783,"1576418"
115,"spotify:track:1njlnn8ZKHI77Pe9szIONR","BABYMONSTER","SHEESH","YG Entertainment",50,114,45,"1576269"
116,"spotify:track:7K3BhSpAxZBznislvUMVtn","Morgan Wallen","Last Night","Morgan Wallen",10,125,451,"1571855"
117,"spotify:track:4Na2HfNSr58chvfX69fy36","Gunna","one of wun","300 Entertainment",117,141,4,"1571122"
118,"spotify:track:6WzRpISELf3YglGAh7TXcG","The Weeknd, Playboi Carti, Madonna","Popular (with Playboi Carti & Madonna) - From The Idol Vol. 1 (Music from the HBO Original Series)","XO / Republic Records",10,120,349,"1566673"
119,"spotify:track:1dhMTsEZz6ZEquGvmzVoHn","Taylor Swift","The Alchemy","Taylor Swift",15,102,27,"1564358"
120,"spotify:track:58ge6dfP91o9oXMzq3XkIS","Arctic Monkeys","505","Domino/Warner Records",40,118,866,"1560500"
121,"spotify:track:1odExI7RdWc4BT515LTAwj","David Kushner","Daylight","Miserable Music Group",4,128,398,"1559923"
122,"spotify:track:7yq4Qj7cqayVTp3FF9CWbm","Vance Joy","Riptide","F-Stop Records/Atlantic",28,129,1190,"1559434"
123,"spotify:track:2HbKqm4o0w5wEeEFXm2sD4","Kendrick Lamar, Jay Rock","Money Trees","Aftermath",55,126,362,"1558532"
124,"spotify:track:5TswDbxMnxptgFTf6ZxvXQ","Baby Lasagna","Rim Tim Tagi Dim","Polydor / Universal Music Hrvatska",45,78,4,"1555385"
125,"spotify:track:2KslE17cAJNHTsI2MI0jb2","Jung Kook","Standing Next to You","BIGHIT MUSIC",1,131,194,"1542398"
126,"spotify:track:1JSTJqkT5qHq8MDJnJbRE1","The Police","Every Breath You Take","Polydor Records",52,156,945,"1533957"
127,"spotify:track:567e29TDzLwZwfDuEpGTwo","The Kid LAROI, Justin Bieber","STAY (with Justin Bieber)","Columbia",1,116,984,"1531913"
128,"spotify:track:1aHy1ipWQRNauI0ee9uYfi","Lithe","Fall Back","GSL",128,-1,6,"1525494"
129,"spotify:track:5TXDeTFVRVY7Cvt0Dw4vWW","XXXTENTACION","Revenge","Bad Vibes Forever / EMPIRE",24,162,380,"1512680"
130,"spotify:track:0u2P5u6lvoDfwTYjAADbn4","Billie Eilish, Khalid","lovely (with Khalid)","Darkroom",19,133,2206,"1507289"
131,"spotify:track:51qYdMBxt9mFbtZBzq1Yfi","Julión Álvarez y su Norteño Banda","Regalo De Dios","UMLE - Fonovisa",76,160,87,"1506931"
132,"spotify:track:2LawezPeJhN4AWuSB0GtAU","Creedence Clearwater Revival","Have You Ever Seen The Rain","Craft Recordings",64,121,263,"1506273"
133,"spotify:track:2tpWsVSb9UEmDRxAl1zhX1","OneRepublic","Counting Stars","Mosley / Interscope",78,124,1126,"1504204"
134,"spotify:track:6RUKPb4LETWmmr3iAEQktW","The Chainsmokers, Coldplay","Something Just Like This","Disruptor Records/Columbia",2,137,1440,"1502801"
135,"spotify:track:2N0SPREDYqILVEFSsWF5N5","V","Love Me Again","BIGHIT MUSIC",10,136,279,"1500639"
136,"spotify:track:1Qvo9ZyBWoedUiOc0zTCbm","Dua Lipa","Illusion","Warner Records",11,130,34,"1498046"
137,"spotify:track:6gBFPUFcJLzWGx4lenP6h2","Travis Scott","goosebumps","Cactus Jack / Epic",10,143,1730,"1490533"
138,"spotify:track:5b5cPscqVEMChvDqscVw26","Dua Lipa","Training Season","Warner Records",7,132,90,"1487898"
139,"spotify:track:6wsqVwoiVH2kde4k4KKAFU","Travis Scott","I KNOW ?","Cactus Jack/Epic",11,140,251,"1487247"
140,"spotify:track:57wp7VFnV8X0pSVnYArGeJ","Bryson Tiller","Whatever She Wants","TrapSoul/RCA Records",31,147,87,"1485126"
141,"spotify:track:56y1jOTK0XSvJzVv9vHQBK","Doja Cat","Paint The Town Red","Kemosabe Records/RCA Records",1,138,286,"1481429"
142,"spotify:track:1FEiijYPJtyswChfcpv3p0","Lana Del Rey","Summertime Sadness","Urban",74,139,634,"1475405"
143,"spotify:track:1mea3bSkSGXuIRvnydlB5b","Coldplay","Viva La Vida","Parlophone UK",44,146,627,"1472703"
144,"spotify:track:0h3Xy4V4apMraB5NuM8U7Z","CYRIL","Stumblin' In","Spinnin' Records",77,117,53,"1469380"
145,"spotify:track:3hxIUxnT27p5WcmjGUXNwx","Hotel Ugly","Shut up My Moms Calling","Hotel Ugly, under exclusive license to Amuseio AB",65,152,488,"1468038"
146,"spotify:track:6uIIdjYTxxpWOyWuVXrKQO","Calle 24, Chino Pacas, Fuerza Regida","Que Onda","Street Mob Records",13,148,258,"1467885"
147,"spotify:track:7KXjTSCq5nL1LoYtL7XAwS","Kendrick Lamar","HUMBLE.","Aftermath",1,153,703,"1463103"
148,"spotify:track:0yc6Gst2xkRu0eMLeRMGCX","Cigarettes After Sex","Apocalypse","Partisan Records",69,144,649,"1456613"
149,"spotify:track:69phA1R4gmQsBFRQ3INW8C","Rich Amiri","ONE CALL","Internet Money Records / 10K Projects",39,142,108,"1456368"
150,"spotify:track:3B54sVLJ402zGa6Xm4YGNe","French Montana, Swae Lee","Unforgettable","Bad Boy Entertainment/Epic Records",3,145,629,"1449023"
151,"spotify:track:2a1o6ZejUi8U3wzzOtCOYw","Don Omar, Lucenzo","Danza Kuduro","UMLE - Machete",87,155,229,"1441411"
152,"spotify:track:6UelLqGlWMcVH1E5c4H7lY","Harry Styles","Watermelon Sugar","Columbia",4,135,1485,"1438237"
153,"spotify:track:7iUtQNMRB8ZkKC4AmEuCJC","Myke Towers","LA FALDA","WEA Latina",20,165,141,"1436798"
154,"spotify:track:1PT8hWQvl2gRO1JhDcSUqN","RM","Come back to me","BIGHIT MUSIC",23,122,6,"1433906"
155,"spotify:track:3fO566xJgwxIa3qGCGBvIC","Taylor Swift","Fresh Out The Slammer","Taylor Swift",10,134,27,"1431527"
156,"spotify:track:3SAga35lAPYdjj3qyfEsCF","d4vd","Feel It (From “Invincible”)","D4VD ENT, LLC",65,159,39,"1426785"
157,"spotify:track:7lQ8MOhq6IN2w8EYcFNSUk","Eminem","Without Me","Eminem Catalog PS",29,164,956,"1416993"
158,"spotify:track:505v13epFXodT9fVAJ6h8k","KAROL G","AMARGURA","BICHOTA RECORDS / INTERSCOPE RECORDS / UNIVERSAL MUSIC LATINO",50,150,361,"1413870"
159,"spotify:track:5XVdHRf4CAJ2Jm0uMIy5qY","Xavi","La Víctima","Interscope Records",6,182,176,"1407950"
160,"spotify:track:3WMj8moIAXJhHsyLaqIIHI","Zach Bryan","Something in the Orange","Warner Records",53,163,497,"1407537"
161,"spotify:track:5gDWsRxpJ2lZAffh5p7K0w","The Weeknd, Lana Del Rey","Stargirl Interlude","The Weeknd/Lyric",79,-1,617,"1405708"
162,"spotify:track:4RvWPyQ5RL0ao9LPZeSouE","Tears For Fears","Everybody Wants To Rule The World","UMC (Universal Music Catalogue)",80,168,595,"1400531"
163,"spotify:track:2aPTvyE09vUCRwVvj0I8WK","A$AP Rocky","Sundress","A$AP Worldwide/Polo Grounds Music/RCA Records",112,174,26,"1399293"
164,"spotify:track:7BqBn9nzAq8spo5e7cZ0dJ","Bruno Mars","Just the Way You Are","Atlantic Records",32,157,497,"1398188"
165,"spotify:track:1kcwpPDQnqEqmezzXdJTCP","Taylor Swift","imgonnagetyouback","Taylor Swift",21,149,27,"1388240"
166,"spotify:track:1zv3WFUbZ5vPxFq9I2jAU1","Rihanna, Calvin Harris","We Found Love","Def Jam Recordings",18,158,410,"1386675"
167,"spotify:track:5qaEfEh1AtSdrdrByCP7qR","Imagine Dragons","Demons","Kid Ina Korner / Interscope",94,151,515,"1383886"
168,"spotify:track:3ng8tfwvzR4BBwa9yaMms6","SAIKO, JC Reyes, Dei V","BADGYAL","2024 SAIKONETA",168,189,4,"1382804"
169,"spotify:track:6dBUzqjtbnIa1TwYbyw5CM","TV Girl","Lovers Rock","TV Girl",92,171,314,"1381907"
170,"spotify:track:3dYD57lRAUcMHufyqn9GcI","Hozier","Take Me to Church","Columbia",91,170,936,"1381062"
171,"spotify:track:0YThXX1dqUpYBLyJNAsF9N","Yeat","If We Being Rëal","Field Trip Recordings/Capitol Records",101,179,22,"1379045"
172,"spotify:track:0jcw8cJf3TNMZN0BXlueML","Bakar, Summer Walker","Hell N Back (feat. Summer Walker)","Black Butter",138,172,28,"1373945"
173,"spotify:track:1xgWArLVFD1AKsLzftZYc2","Oscar Maydon, Gabito Ballesteros, Chino Pacas","Elvira","Rancho Humilde",137,198,36,"1372876"
174,"spotify:track:75qepWUT3FEyPyXQMMMVZm","Rels B, Junior H","Un Desperdicio","DALE PLAY Records / Flakk Team",70,154,20,"1370552"
175,"spotify:track:1LY3GhF0zxIVgbYEQjCbUO","Disturbed, CYRIL","The Sound of Silence - CYRIL Remix","Reprise",80,166,33,"1369853"
176,"spotify:track:0B7wvvmu9EISAwZnOpjhNI","Bruno Mars","When I Was Your Man","Atlantic Records",28,184,584,"1360270"
177,"spotify:track:0JXXNGljqupsJaZsgSbMZV","Miguel","Sure Thing","Jive",14,183,408,"1359254"
178,"spotify:track:6D8y7Bck8h11byRY88Pt2z","Dua Lipa","Houdini","Warner Records",2,167,188,"1355267"
179,"spotify:track:5D34wRmbFS29AjtTOP2QJe","Ariana Grande","yes, and?","Republic Records",1,173,125,"1349688"
180,"spotify:track:09CnYHiZ5jGT1wr1TXJ9Zt","Dimitri Vegas & Like Mike, Tiësto, Dido, W&W, Dimitri Vegas, Like Mike","Thank You (Not So Bad)","Ministry of Sound Recordings",152,180,57,"1344005"
181,"spotify:track:0PBTlQ84CBJF0tBnKGmQa6","V","FRI(END)S","BIGHIT MUSIC",7,177,61,"1343472"
182,"spotify:track:5RKQ5NdjSh2QzD4MaunT91","Journey","Don't Stop Believin' (2022 Remaster)","Columbia/Legacy",122,169,149,"1340822"
183,"spotify:track:2Hh3ETdQKrmSI3QS0hme7g","Metro Boomin, Future, Don Toliver","Too Many Nights (feat. Don Toliver & with Future)","Republic Records",26,186,358,"1340442"
184,"spotify:track:3dPQuX8Gs42Y7b454ybpMR","The White Stripes","Seven Nation Army","Legacy Recordings",154,193,11,"1336926"
185,"spotify:track:3Sz8P5ZFLARe2oJeb0qsyb","Tommy Richman","MILLION DOLLAR BABY (VHS)","PULSE Records",117,161,16,"1329814"
186,"spotify:track:0pqnGHJpmpxLKifKRmU6WP","Imagine Dragons","Believer","Kid Ina Korner / Interscope",15,192,2615,"1328993"
187,"spotify:track:5oYVxFt2k4SkVp6wzVsFWN","Sevdaliza, Villano Antillano, Tokischa","Ride Or Die, Pt. 2 (with Villano Antillano & Tokischa)","Twisted Elegance",28,176,24,"1328934"
188,"spotify:track:3KZCP2StVGdWkOKyRZNWA4","Plan B","Es un Secreto","Pina Records",136,185,180,"1328180"
189,"spotify:track:6Qyc6fS4DsZjB2mRW9DsQs","The Goo Goo Dolls","Iris","Warner Records",85,-1,247,"1320126"
190,"spotify:track:4kbj5MwxO1bq9wjT5g9HaA","WALK THE MOON","Shut Up and Dance","RCA Records Label",154,-1,13,"1317027"
191,"spotify:track:1k1Bqnv2R0uJXQN4u6LKYt","Bill Withers","Ain't No Sunshine","Columbia/Legacy",66,-1,60,"1316291"
192,"spotify:track:2jPCbFrFlyGbKgblxub8Lm","The Outfield","Your Love","Columbia/Legacy",162,190,13,"1313329"
193,"spotify:track:6RcAHyC5sAUIbPTkhOQwd8","Junior H","Y LLORO","WEA Latina",53,-1,204,"1313248"
194,"spotify:track:4QNpBfC0zvjKqPJcyqBy9W","Pitbull, AFROJACK, Ne-Yo, Nayer","Give Me Everything (feat. Nayer)","Mr.305/Polo Grounds Music/J Records",169,178,12,"1309156"
195,"spotify:track:18WFFUIsewmA8g31KAeo3e","Taylor Swift","The Prophecy","Taylor Swift",32,181,25,"1308186"
196,"spotify:track:561jH07mF1jHuk7KlaeF0s","Eminem","Mockingbird","Eminem Catalog PS",20,-1,557,"1303878"
197,"spotify:track:7yNf9YjeO5JXUE3JEBgnYc","Dominic Fike","Babydoll","Columbia",133,-1,28,"1296498"
198,"spotify:track:68Dni7IE4VyPkTOH9mRWHr","J. Cole","No Role Modelz","Roc Nation Records LLC",60,197,1014,"1293422"
199,"spotify:track:003vvx7Niy0yvhvHt4a68B","The Killers","Mr. Brightside","Island Records",59,-1,921,"1286414"
200,"spotify:track:0FDzzruyVECATHXKHFs9eJ","Coldplay","A Sky Full of Stars","Parlophone UK",155,-1,15,"1285920"
